{
  "config": {
    "run_name": "exp1_1",
    "out_dir": "./results",
    "seed": 587816010,
    "device": null,
    "bs_train": 128,
    "bs_test": 32,
    "batches": 100,
    "epochs": 100,
    "early_stopping": 3,
    "checkpoints": null,
    "lr": 0.001,
    "reg": 0.001,
    "filters_per_layer": [
      64
    ],
    "pool_every": 4,
    "hidden_dims": [
      100
    ],
    "model_type": "cnn",
    "kw": {},
    "layers_per_block": 16
  },
  "results": {
    "num_epochs": 4,
    "train_loss": [
      2.303382513523102,
      2.3031109833717345,
      2.302859423160553,
      2.3028407669067383
    ],
    "train_acc": [
      9.9296875,
      9.9609375,
      9.6796875,
      10.0703125
    ],
    "test_loss": [
      2.30216144323349,
      2.30294424533844,
      2.3030270171165466,
      2.302702887058258
    ],
    "test_acc": [
      11.0625,
      9.9375,
      9.90625,
      10.125
    ]
  }
}