{
  "config": {
    "run_name": "exp1_1",
    "out_dir": "./results",
    "seed": 1984151444,
    "device": null,
    "bs_train": 128,
    "bs_test": 32,
    "batches": 100,
    "epochs": 100,
    "early_stopping": 3,
    "checkpoints": null,
    "lr": 0.001,
    "reg": 0.001,
    "filters_per_layer": [
      32
    ],
    "pool_every": 4,
    "hidden_dims": [
      100
    ],
    "model_type": "cnn",
    "kw": {},
    "layers_per_block": 16
  },
  "results": {
    "num_epochs": 4,
    "train_loss": [
      2.303280322551727,
      2.302909138202667,
      2.303123264312744,
      2.304704670906067
    ],
    "train_acc": [
      9.9375,
      9.5546875,
      9.4765625,
      10.2421875
    ],
    "test_loss": [
      2.302103788852692,
      2.3034499502182006,
      2.302712712287903,
      2.303368229866028
    ],
    "test_acc": [
      10.8125,
      9.3125,
      9.5,
      10.09375
    ]
  }
}